video_id,ped_id,frame,time_s,x_px,y_px,visibility,notes,x_m,y_m
teams_video,P01,150,5.0,73.0,943.0,tracked,P1; LK optical flow; initial coords.py click,2.4010422229766846,0.8210298418998718
teams_video,P02,150,5.0,340.0,584.0,tracked,P2; LK optical flow; initial coords.py click,15.558036804199219,35.17066955566406
teams_video,P03,150,5.0,343.0,482.0,tracked,P3; LK optical flow; initial coords.py click,16.569265365600586,52.01960754394531
teams_video,P04,150,5.0,205.0,600.0,tracked,P4; LK optical flow; initial coords.py click,6.986343860626221,33.1463623046875
teams_video,P05,150,5.0,143.0,459.0,tracked,P5; LK optical flow; initial coords.py click,1.3202379941940308,57.17864990234375
teams_video,P06,150,5.0,295.0,466.0,tracked,P6; LK optical flow; initial coords.py click,13.075221061706543,55.300567626953125
teams_video,P07,150,5.0,283.0,439.0,tracked,P7; LK optical flow; initial coords.py click,12.230971336364746,61.05051803588867
teams_video,P08,150,5.0,399.0,440.0,tracked,P8; LK optical flow; initial coords.py click,21.408496856689453,60.46125411987305
teams_video,P09,150,5.0,451.0,548.0,tracked,P9; LK optical flow; initial coords.py click,23.218992233276367,40.348793029785156
teams_video,P10,150,5.0,429.0,517.0,tracked,P10; LK optical flow; initial coords.py click,22.267074584960938,45.47000503540039
teams_video,P01,165,5.5,89.83070373535156,915.0723876953125,tracked,P1; LK optical flow; sampled tracked point,2.9364407062530518,2.6791577339172363
teams_video,P02,165,5.5,338.3065185546875,591.1876831054688,tracked,P2; LK optical flow; sampled tracked point,15.403587341308594,34.1593017578125
teams_video,P03,165,5.5,342.9649353027344,481.25885009765625,tracked,P3; LK optical flow; sampled tracked point,16.573589324951172,52.161930084228516
teams_video,P04,165,5.5,208.9344482421875,593.1135864257812,tracked,P4; LK optical flow; sampled tracked point,7.202881813049316,34.09513473510742
teams_video,P05,165,5.5,153.9730682373047,458.2772521972656,tracked,P5; LK optical flow; sampled tracked point,2.166076183319092,57.297462463378906
teams_video,P06,165,5.5,295.36614990234375,468.09051513671875,tracked,P6; LK optical flow; sampled tracked point,13.094778060913086,54.87800979614258
teams_video,P07,165,5.5,285.44769287109375,436.67095947265625,tracked,P7; LK optical flow; sampled tracked point,12.433094024658203,61.56016159057617
teams_video,P08,165,5.5,399.8710021972656,440.4187927246094,tracked,P8; LK optical flow; sampled tracked point,21.469457626342773,60.366920471191406
teams_video,P09,165,5.5,451.20269775390625,551.8463745117188,tracked,P9; LK optical flow; sampled tracked point,23.164165496826172,39.7498893737793
teams_video,P10,165,5.5,431.4936828613281,519.6876220703125,tracked,P10; LK optical flow; sampled tracked point,22.393768310546875,45.00581741333008
teams_video,P01,180,6.0,106.135009765625,886.7183227539062,tracked,P1; LK optical flow; sampled tracked point,3.4731855392456055,4.666839599609375
teams_video,P02,180,6.0,337.34271240234375,598.2958984375,tracked,P2; LK optical flow; sampled tracked point,15.298213958740234,33.17688751220703
teams_video,P03,180,6.0,343.0921325683594,480.3179626464844,tracked,P3; LK optical flow; sampled tracked point,16.591821670532227,52.3426399230957
teams_video,P04,180,6.0,210.6141815185547,585.9527587890625,tracked,P4; LK optical flow; sampled tracked point,7.277472496032715,35.104164123535156
teams_video,P05,180,6.0,165.046142578125,457.47119140625,tracked,P5; LK optical flow; sampled tracked point,3.0198757648468018,57.433624267578125
teams_video,P06,180,6.0,295.0557556152344,470.133056640625,tracked,P6; LK optical flow; sampled tracked point,13.063225746154785,54.46974182128906
teams_video,P07,180,6.0,288.45843505859375,434.5362243652344,tracked,P7; LK optical flow; sampled tracked point,12.681296348571777,62.02821731567383
teams_video,P08,180,6.0,400.897216796875,440.56390380859375,tracked,P8; LK optical flow; sampled tracked point,21.547531127929688,60.33198547363281
teams_video,P09,180,6.0,454.3363952636719,556.1607666015625,tracked,P9; LK optical flow; sampled tracked point,23.2943172454834,39.0804557800293
teams_video,P10,180,6.0,433.0135192871094,522.3060302734375,tracked,P10; LK optical flow; sampled tracked point,22.453401565551758,44.55915832519531
teams_video,P01,195,6.5,119.56275939941406,861.399169921875,tracked,P1; LK optical flow; sampled tracked point,3.9244344234466553,6.535086631774902
teams_video,P02,195,6.5,336.1295166015625,604.88134765625,tracked,P2; LK optical flow; sampled tracked point,15.182474136352539,32.28354263305664
teams_video,P03,195,6.5,343.8730163574219,478.9410400390625,tracked,P3; LK optical flow; sampled tracked point,16.662776947021484,52.60648727416992
teams_video,P04,195,6.5,214.28639221191406,579.2321166992188,tracked,P4; LK optical flow; sampled tracked point,7.484553337097168,36.06550216674805
teams_video,P05,195,6.5,176.47299194335938,456.5370178222656,tracked,P5; LK optical flow; sampled tracked point,3.9013257026672363,57.59589767456055
teams_video,P06,195,6.5,293.6822814941406,471.73651123046875,tracked,P6; LK optical flow; sampled tracked point,12.953361511230469,54.154197692871094
teams_video,P07,195,6.5,291.7228088378906,432.4129638671875,tracked,P7; LK optical flow; sampled tracked point,12.951614379882812,62.49612045288086
teams_video,P08,195,6.5,401.8718566894531,439.5673828125,tracked,P8; LK optical flow; sampled tracked point,21.642553329467773,60.54690933227539
teams_video,P09,195,6.5,456.10931396484375,560.4313354492188,tracked,P9; LK optical flow; sampled tracked point,23.334808349609375,38.428287506103516
teams_video,P10,195,6.5,435.1191711425781,524.2511596679688,tracked,P10; LK optical flow; sampled tracked point,22.564640045166016,44.22752380371094
teams_video,P01,210,7.0,136.41146850585938,839.1359252929688,tracked,P1; LK optical flow; sampled tracked point,4.581878185272217,8.25328254699707
teams_video,P02,210,7.0,336.510009765625,610.6397705078125,tracked,P2; LK optical flow; sampled tracked point,15.171642303466797,31.512826919555664
teams_video,P03,210,7.0,344.714599609375,477.66839599609375,tracked,P3; LK optical flow; sampled tracked point,16.737546920776367,52.85103988647461
teams_video,P04,210,7.0,216.38771057128906,572.1895751953125,tracked,P4; LK optical flow; sampled tracked point,7.5913987159729,37.09479904174805
teams_video,P05,210,7.0,187.56764221191406,455.44476318359375,tracked,P5; LK optical flow; sampled tracked point,4.757107734680176,57.79283142089844
teams_video,P06,210,7.0,292.1861572265625,473.5174255371094,tracked,P6; LK optical flow; sampled tracked point,12.834190368652344,53.80550003051758
teams_video,P07,210,7.0,294.2658996582031,429.5718078613281,tracked,P7; LK optical flow; sampled tracked point,13.168669700622559,63.133453369140625
teams_video,P08,210,7.0,403.03118896484375,438.4979248046875,tracked,P8; LK optical flow; sampled tracked point,21.753820419311523,60.77798843383789
teams_video,P09,210,7.0,460.1639709472656,564.0791625976562,tracked,P9; LK optical flow; sampled tracked point,23.534015655517578,37.87288284301758
teams_video,P10,210,7.0,437.0111999511719,526.3807373046875,tracked,P10; LK optical flow; sampled tracked point,22.657318115234375,43.8675422668457
teams_video,P01,225,7.5,148.2542724609375,819.1426391601562,tracked,P1; LK optical flow; sampled tracked point,5.036670207977295,9.864023208618164
teams_video,P02,225,7.5,335.5968933105469,618.2682495117188,tracked,P2; LK optical flow; sampled tracked point,15.071142196655273,30.511518478393555
teams_video,P03,225,7.5,345.5533752441406,476.10552978515625,tracked,P3; LK optical flow; sampled tracked point,16.815248489379883,53.1532096862793
teams_video,P04,225,7.5,218.18917846679688,565.4557495117188,tracked,P4; LK optical flow; sampled tracked point,7.681796550750732,38.09810256958008
teams_video,P05,225,7.5,198.89498901367188,454.076171875,tracked,P5; LK optical flow; sampled tracked point,5.631069660186768,58.04806137084961
teams_video,P06,225,7.5,290.8966064453125,475.0585021972656,tracked,P6; LK optical flow; sampled tracked point,12.731982231140137,53.50531005859375
teams_video,P07,225,7.5,298.1359558105469,427.23468017578125,tracked,P7; LK optical flow; sampled tracked point,13.493142127990723,63.656253814697266
teams_video,P08,225,7.5,404.2472229003906,437.5659484863281,tracked,P8; LK optical flow; sampled tracked point,21.867355346679688,60.9793586730957
teams_video,P09,225,7.5,464.244873046875,567.8985595703125,tracked,P9; LK optical flow; sampled tracked point,23.729761123657227,37.29780197143555
teams_video,P10,225,7.5,439.1969909667969,528.4364013671875,tracked,P10; LK optical flow; sampled tracked point,22.770809173583984,43.52146911621094
teams_video,P01,240,8.0,161.39813232421875,801.4992065429688,tracked,P1; LK optical flow; sampled tracked point,5.587737560272217,11.33914852142334
teams_video,P02,240,8.0,339.4166564941406,624.2659301757812,tracked,P2; LK optical flow; sampled tracked point,15.268007278442383,29.731788635253906
teams_video,P03,240,8.0,346.2654113769531,474.7602844238281,tracked,P3; LK optical flow; sampled tracked point,16.881689071655273,53.414512634277344
teams_video,P04,240,8.0,220.91700744628906,558.600830078125,tracked,P4; LK optical flow; sampled tracked point,7.835128307342529,39.13718795776367
teams_video,P05,240,8.0,210.85081481933594,452.4107971191406,tracked,P5; LK optical flow; sampled tracked point,6.555379867553711,58.365386962890625
teams_video,P06,240,8.0,290.7568664550781,476.6395568847656,tracked,P6; LK optical flow; sampled tracked point,12.716239929199219,53.19564437866211
teams_video,P07,240,8.0,301.225830078125,425.3994140625,tracked,P7; LK optical flow; sampled tracked point,13.753833770751953,64.06944274902344
teams_video,P08,240,8.0,405.28424072265625,436.82806396484375,tracked,P8; LK optical flow; sampled tracked point,21.963361740112305,61.13898849487305
teams_video,P09,240,8.0,466.7612609863281,571.6951904296875,tracked,P9; LK optical flow; sampled tracked point,23.82330894470215,36.734920501708984
teams_video,P10,240,8.0,442.1319885253906,530.784423828125,tracked,P10; LK optical flow; sampled tracked point,22.92946434020996,43.12787628173828
teams_video,P01,255,8.5,172.47610473632812,781.5721435546875,tracked,P1; LK optical flow; sampled tracked point,6.043248653411865,13.073517799377441
teams_video,P02,255,8.5,341.4043884277344,631.5595092773438,tracked,P2; LK optical flow; sampled tracked point,15.344087600708008,28.803388595581055
teams_video,P03,255,8.5,346.8431396484375,473.6202087402344,tracked,P3; LK optical flow; sampled tracked point,16.936290740966797,53.636898040771484
teams_video,P04,255,8.5,223.4192352294922,552.1092529296875,tracked,P4; LK optical flow; sampled tracked point,7.977609634399414,40.13980484008789
teams_video,P05,255,8.5,222.1483154296875,451.0285949707031,tracked,P5; LK optical flow; sampled tracked point,7.4336042404174805,58.625648498535156
teams_video,P06,255,8.5,291.449462890625,479.34759521484375,tracked,P6; LK optical flow; sampled tracked point,12.75894546508789,52.6663703918457
teams_video,P07,255,8.5,302.5318603515625,423.1153869628906,tracked,P7; LK optical flow; sampled tracked point,13.872956275939941,64.595947265625
teams_video,P08,255,8.5,406.3841247558594,436.4473876953125,tracked,P8; LK optical flow; sampled tracked point,22.05769157409668,61.21968078613281
teams_video,P09,255,8.5,470.8664245605469,576.2470092773438,tracked,P9; LK optical flow; sampled tracked point,24.003633499145508,36.0660514831543
teams_video,P10,255,8.5,444.3611145019531,533.3103637695312,tracked,P10; LK optical flow; sampled tracked point,23.035871505737305,42.70943832397461
teams_video,P01,270,9.0,179.19189453125,763.61767578125,tracked,P1; LK optical flow; sampled tracked point,6.301239967346191,14.702343940734863
teams_video,P02,270,9.0,344.3371887207031,640.8753662109375,tracked,P2; LK optical flow; sampled tracked point,15.462544441223145,27.641996383666992
teams_video,P03,270,9.0,347.0578308105469,472.5208435058594,tracked,P3; LK optical flow; sampled tracked point,16.963443756103516,53.853023529052734
teams_video,P04,270,9.0,227.48843383789062,546.0720825195312,tracked,P4; LK optical flow; sampled tracked point,8.230572700500488,41.085391998291016
teams_video,P05,270,9.0,233.66009521484375,449.66864013671875,tracked,P5; LK optical flow; sampled tracked point,8.331914901733398,58.88142013549805
teams_video,P06,270,9.0,291.82440185546875,481.9296569824219,tracked,P6; LK optical flow; sampled tracked point,12.778128623962402,52.16669464111328
teams_video,P07,270,9.0,304.311767578125,421.0282897949219,tracked,P7; LK optical flow; sampled tracked point,14.03072452545166,65.07860565185547
teams_video,P08,270,9.0,406.8172912597656,436.5243225097656,tracked,P8; LK optical flow; sampled tracked point,22.090486526489258,61.20125961303711
teams_video,P09,270,9.0,472.33465576171875,581.2445678710938,tracked,P9; LK optical flow; sampled tracked point,24.00636100769043,35.346378326416016
teams_video,P10,270,9.0,447.7516174316406,536.28173828125,tracked,P10; LK optical flow; sampled tracked point,23.21196174621582,42.21965026855469
teams_video,P01,285,9.5,188.46697998046875,747.4136962890625,tracked,P1; LK optical flow; sampled tracked point,6.7123026847839355,16.225183486938477
teams_video,P02,285,9.5,341.5627746582031,651.72900390625,tracked,P2; LK optical flow; sampled tracked point,15.235434532165527,26.330467224121094
teams_video,P03,285,9.5,347.1556701660156,471.9737548828125,tracked,P3; LK optical flow; sampled tracked point,16.976316452026367,53.96088409423828
teams_video,P04,285,9.5,229.87001037597656,540.4442749023438,tracked,P4; LK optical flow; sampled tracked point,8.373832702636719,41.984275817871094
teams_video,P05,285,9.5,245.3546142578125,449.51739501953125,tracked,P5; LK optical flow; sampled tracked point,9.250529289245605,58.8780403137207
teams_video,P06,285,9.5,291.9951477050781,484.7817687988281,tracked,P6; LK optical flow; sampled tracked point,12.781145095825195,51.62009811401367
teams_video,P07,285,9.5,305.69366455078125,419.9779357910156,tracked,P7; LK optical flow; sampled tracked point,14.15048599243164,65.32110595703125
teams_video,P08,285,9.5,407.60333251953125,436.8968200683594,tracked,P8; LK optical flow; sampled tracked point,22.145456314086914,61.11635971069336
teams_video,P09,285,9.5,476.0302429199219,587.5125122070312,tracked,P9; LK optical flow; sampled tracked point,24.126272201538086,34.45453643798828
teams_video,P10,285,9.5,449.8020935058594,539.70849609375,tracked,P10; LK optical flow; sampled tracked point,23.288061141967773,41.66382598876953
teams_video,P01,300,10.0,193.97047424316406,733.968017578125,tracked,P1; LK optical flow; sampled tracked point,6.947329044342041,17.532310485839844
teams_video,P02,300,10.0,338.0395202636719,664.4065551757812,tracked,P2; LK optical flow; sampled tracked point,14.961465835571289,24.842554092407227
teams_video,P03,300,10.0,347.2680969238281,471.27166748046875,tracked,P3; LK optical flow; sampled tracked point,16.991880416870117,54.099613189697266
teams_video,P04,300,10.0,234.00405883789062,535.368408203125,tracked,P4; LK optical flow; sampled tracked point,8.641698837280273,42.80339813232422
teams_video,P05,300,10.0,257.4563903808594,449.29632568359375,tracked,P5; LK optical flow; sampled tracked point,10.200572967529297,58.88837432861328
teams_video,P06,300,10.0,291.3359375,488.051513671875,tracked,P6; LK optical flow; sampled tracked point,12.721691131591797,51.00162887573242
teams_video,P07,300,10.0,306.10528564453125,418.4434509277344,tracked,P7; LK optical flow; sampled tracked point,14.193833351135254,65.6825942993164
teams_video,P08,300,10.0,407.8708190917969,437.2798156738281,tracked,P8; LK optical flow; sampled tracked point,22.159170150756836,61.030914306640625
teams_video,P09,300,10.0,474.9961242675781,593.7588500976562,tracked,P9; LK optical flow; sampled tracked point,23.949752807617188,33.58810043334961
teams_video,P10,300,10.0,454.4034729003906,543.2886962890625,tracked,P10; LK optical flow; sampled tracked point,23.53126335144043,41.08421325683594
teams_video,P01,315,10.5,203.55343627929688,721.2450561523438,tracked,P1; LK optical flow; sampled tracked point,7.413730621337891,18.80198860168457
teams_video,P02,315,10.5,332.4632263183594,677.820556640625,tracked,P2; LK optical flow; sampled tracked point,14.575929641723633,23.31915283203125
teams_video,P03,315,10.5,347.5214538574219,470.3802185058594,tracked,P3; LK optical flow; sampled tracked point,17.02001953125,54.275901794433594
teams_video,P04,315,10.5,235.67486572265625,530.4410400390625,tracked,P4; LK optical flow; sampled tracked point,8.743156433105469,43.61487579345703
teams_video,P05,315,10.5,264.3941650390625,450.20306396484375,tracked,P5; LK optical flow; sampled tracked point,10.744872093200684,58.67328643798828
teams_video,P06,315,10.5,292.3275146484375,491.30084228515625,tracked,P6; LK optical flow; sampled tracked point,12.78370189666748,50.38907241821289
teams_video,P07,315,10.5,307.1671447753906,416.7930908203125,tracked,P7; LK optical flow; sampled tracked point,14.291854858398438,66.07132720947266
teams_video,P08,315,10.5,408.4532470703125,437.52447509765625,tracked,P8; LK optical flow; sampled tracked point,22.200429916381836,60.975074768066406
teams_video,P09,315,10.5,477.9356689453125,599.7579345703125,tracked,P9; LK optical flow; sampled tracked point,24.026165008544922,32.763397216796875
teams_video,P10,315,10.5,458.4344177246094,547.2440795898438,tracked,P10; LK optical flow; sampled tracked point,23.72698974609375,40.45294952392578
teams_video,P01,330,11.0,209.37110900878906,708.274658203125,tracked,P1; LK optical flow; sampled tracked point,7.685592174530029,20.13797378540039
teams_video,P02,330,11.0,326.47100830078125,684.4462280273438,tracked,P2; LK optical flow; sampled tracked point,14.208026885986328,22.587831497192383
teams_video,P03,330,11.0,347.6039733886719,469.3568115234375,tracked,P3; LK optical flow; sampled tracked point,17.036714553833008,54.47947692871094
teams_video,P04,330,11.0,238.1217041015625,525.3153686523438,tracked,P4; LK optical flow; sampled tracked point,8.899728775024414,44.46989440917969
teams_video,P05,330,11.0,263.9914855957031,451.01458740234375,tracked,P5; LK optical flow; sampled tracked point,10.713211059570312,58.50149154663086
teams_video,P06,330,11.0,292.2585754394531,494.4480895996094,tracked,P6; LK optical flow; sampled tracked point,12.768213272094727,49.804203033447266
teams_video,P07,330,11.0,308.0005187988281,415.266357421875,tracked,P7; LK optical flow; sampled tracked point,14.370697021484375,66.4334487915039
teams_video,P08,330,11.0,408.3084716796875,437.468505859375,tracked,P8; LK optical flow; sampled tracked point,22.190082550048828,60.98788070678711
teams_video,P09,330,11.0,479.02777099609375,606.408203125,tracked,P9; LK optical flow; sampled tracked point,23.97665786743164,31.867660522460938
teams_video,P10,330,11.0,465.4031066894531,550.5712280273438,tracked,P10; LK optical flow; sampled tracked point,24.12661361694336,39.920806884765625
teams_video,P01,345,11.5,213.45578002929688,695.5099487304688,tracked,P1; LK optical flow; sampled tracked point,7.869505882263184,21.493867874145508
teams_video,P02,345,11.5,325.8222961425781,684.108154296875,tracked,P2; LK optical flow; sampled tracked point,14.172992706298828,22.625869750976562
teams_video,P03,345,11.5,347.1612854003906,468.39971923828125,tracked,P3; LK optical flow; sampled tracked point,17.013124465942383,54.671905517578125
teams_video,P04,345,11.5,239.07369995117188,520.2826538085938,tracked,P4; LK optical flow; sampled tracked point,8.953753471374512,45.32511901855469
teams_video,P05,345,11.5,258.24151611328125,450.81195068359375,tracked,P5; LK optical flow; sampled tracked point,10.263123512268066,58.562110900878906
teams_video,P06,345,11.5,293.92742919921875,496.2832336425781,tracked,P6; LK optical flow; sampled tracked point,12.883341789245605,49.46159744262695
teams_video,P07,345,11.5,308.3479919433594,413.044189453125,tracked,P7; LK optical flow; sampled tracked point,14.4142484664917,66.96709442138672
teams_video,P08,345,11.5,408.5986633300781,437.5111999511719,tracked,P8; LK optical flow; sampled tracked point,22.212173461914062,60.9775390625
teams_video,P09,345,11.5,479.37420654296875,612.6080322265625,tracked,P9; LK optical flow; sampled tracked point,23.89043426513672,31.047523498535156
teams_video,P10,345,11.5,470.3364562988281,553.9131469726562,tracked,P10; LK optical flow; sampled tracked point,24.38805389404297,39.39542007446289
teams_video,P01,360,12.0,218.3000946044922,681.9299926757812,tracked,P1; LK optical flow; sampled tracked point,8.099609375,22.981019973754883
teams_video,P02,360,12.0,325.68109130859375,683.1884765625,tracked,P2; LK optical flow; sampled tracked point,14.168935775756836,22.72780990600586
teams_video,P03,360,12.0,346.8473205566406,467.6789245605469,tracked,P3; LK optical flow; sampled tracked point,16.99677848815918,54.81716537475586
teams_video,P04,360,12.0,241.381103515625,515.3733520507812,tracked,P4; LK optical flow; sampled tracked point,9.104898452758789,46.16862487792969
teams_video,P05,360,12.0,251.02285766601562,450.3788757324219,tracked,P5; LK optical flow; sampled tracked point,9.697043418884277,58.67646408081055
teams_video,P06,360,12.0,293.9788818359375,499.2720947265625,tracked,P6; LK optical flow; sampled tracked point,12.876736640930176,48.91426086425781
teams_video,P07,360,12.0,309.65625,411.48846435546875,tracked,P7; LK optical flow; sampled tracked point,14.53371524810791,67.33928680419922
teams_video,P08,360,12.0,408.5799865722656,437.6454162597656,tracked,P8; LK optical flow; sampled tracked point,22.208084106445312,60.94800567626953
teams_video,P09,360,12.0,480.6535949707031,620.0249633789062,tracked,P9; LK optical flow; sampled tracked point,23.841182708740234,30.08237075805664
teams_video,P10,360,12.0,477.48345947265625,557.5880737304688,tracked,P10; LK optical flow; sampled tracked point,24.78533363342285,38.82041931152344
teams_video,P01,375,12.5,219.55557250976562,670.5194091796875,tracked,P1; LK optical flow; sampled tracked point,8.136787414550781,24.271358489990234
teams_video,P02,375,12.5,325.6028137207031,682.2847290039062,tracked,P2; LK optical flow; sampled tracked point,14.16834831237793,22.828140258789062
teams_video,P03,375,12.5,346.8399353027344,467.0814208984375,tracked,P3; LK optical flow; sampled tracked point,17.002334594726562,54.937129974365234
teams_video,P04,375,12.5,242.90130615234375,510.8599548339844,tracked,P4; LK optical flow; sampled tracked point,9.202940940856934,46.956363677978516
teams_video,P05,375,12.5,243.618408203125,450.1012268066406,tracked,P5; LK optical flow; sampled tracked point,9.11559009552002,58.75837326049805
teams_video,P06,375,12.5,295.42303466796875,502.80023193359375,tracked,P6; LK optical flow; sampled tracked point,12.96845531463623,48.271297454833984
teams_video,P07,375,12.5,310.3274841308594,409.9736328125,tracked,P7; LK optical flow; sampled tracked point,14.600300788879395,67.70584106445312
teams_video,P08,375,12.5,409.15301513671875,438.0503845214844,tracked,P8; LK optical flow; sampled tracked point,22.24542236328125,60.85696792602539
teams_video,P09,375,12.5,479.54541015625,628.051513671875,tracked,P9; LK optical flow; sampled tracked point,23.64032554626465,29.061798095703125
teams_video,P10,375,12.5,481.44049072265625,561.4395751953125,tracked,P10; LK optical flow; sampled tracked point,24.967193603515625,38.23074722290039
teams_video,P01,390,13.0,225.3542938232422,659.4690551757812,tracked,P1; LK optical flow; sampled tracked point,8.44106388092041,25.550065994262695
teams_video,P02,390,13.0,325.4348449707031,681.2504272460938,tracked,P2; LK optical flow; sampled tracked point,14.163251876831055,22.94331169128418
teams_video,P03,390,13.0,346.9405822753906,466.1646728515625,tracked,P3; LK optical flow; sampled tracked point,17.019367218017578,55.12133026123047
teams_video,P04,390,13.0,246.10415649414062,506.1712951660156,tracked,P4; LK optical flow; sampled tracked point,9.422774314880371,47.78221130371094
teams_video,P05,390,13.0,237.23692321777344,449.693115234375,tracked,P5; LK optical flow; sampled tracked point,8.613166809082031,58.865230560302734
teams_video,P06,390,13.0,295.1211242675781,506.79534912109375,tracked,P6; LK optical flow; sampled tracked point,12.932730674743652,47.556129455566406
teams_video,P07,390,13.0,311.2125549316406,408.3308410644531,tracked,P7; LK optical flow; sampled tracked point,14.686079025268555,68.10498046875
teams_video,P08,390,13.0,409.91650390625,438.40521240234375,tracked,P8; LK optical flow; sampled tracked point,22.298709869384766,60.7764778137207
teams_video,P09,390,13.0,481.955078125,637.59228515625,tracked,P9; LK optical flow; sampled tracked point,23.626380920410156,27.870603561401367
teams_video,P10,390,13.0,487.79949951171875,565.5800170898438,tracked,P10; LK optical flow; sampled tracked point,25.29665756225586,37.600318908691406
teams_video,P01,405,13.5,228.4670867919922,648.9602661132812,tracked,P1; LK optical flow; sampled tracked point,8.596256256103516,26.801332473754883
teams_video,P02,405,13.5,325.32196044921875,679.8037109375,tracked,P2; LK optical flow; sampled tracked point,14.163002014160156,23.104761123657227
teams_video,P03,405,13.5,347.71466064453125,464.24127197265625,tracked,P3; LK optical flow; sampled tracked point,17.098051071166992,55.507965087890625
teams_video,P04,405,13.5,249.16937255859375,501.35784912109375,tracked,P4; LK optical flow; sampled tracked point,9.635562896728516,48.642669677734375
teams_video,P05,405,13.5,229.73196411132812,448.4844665527344,tracked,P5; LK optical flow; sampled tracked point,8.017891883850098,59.147796630859375
teams_video,P06,405,13.5,295.8062438964844,510.81719970703125,tracked,P6; LK optical flow; sampled tracked point,12.967432022094727,46.84257888793945
teams_video,P07,405,13.5,311.8100891113281,406.3287658691406,tracked,P7; LK optical flow; sampled tracked point,14.75082778930664,68.5963363647461
teams_video,P08,405,13.5,411.2459716796875,438.67706298828125,tracked,P8; LK optical flow; sampled tracked point,22.398174285888672,60.71251678466797
teams_video,P09,405,13.5,480.46728515625,648.1122436523438,tracked,P9; LK optical flow; sampled tracked point,23.37041473388672,26.595064163208008
teams_video,P10,405,13.5,492.1597900390625,569.989013671875,tracked,P10; LK optical flow; sampled tracked point,25.488243103027344,36.94135284423828
teams_video,P01,420,14.0,233.13525390625,639.4105834960938,tracked,P1; LK optical flow; sampled tracked point,8.850765228271484,27.964618682861328
teams_video,P02,420,14.0,325.27288818359375,678.3941650390625,tracked,P2; LK optical flow; sampled tracked point,14.166205406188965,23.262535095214844
teams_video,P03,420,14.0,349.5252380371094,462.3157653808594,tracked,P3; LK optical flow; sampled tracked point,17.25625991821289,55.89445495605469
teams_video,P04,420,14.0,252.19229125976562,496.2158203125,tracked,P4; LK optical flow; sampled tracked point,9.847977638244629,49.57634353637695
teams_video,P05,420,14.0,224.2716522216797,447.422119140625,tracked,P5; LK optical flow; sampled tracked point,7.582106590270996,59.39373779296875
teams_video,P06,420,14.0,295.4617004394531,514.1953125,tracked,P6; LK optical flow; sampled tracked point,12.931258201599121,46.251983642578125
teams_video,P07,420,14.0,312.1744384765625,404.3666076660156,tracked,P7; LK optical flow; sampled tracked point,14.796058654785156,69.08211517333984
teams_video,P08,420,14.0,412.3721923828125,438.73956298828125,tracked,P8; LK optical flow; sampled tracked point,22.48569107055664,60.69521713256836
teams_video,P09,420,14.0,485.4906311035156,658.6724243164062,tracked,P9; LK optical flow; sampled tracked point,23.494104385375977,25.339984893798828
teams_video,P10,420,14.0,499.6054992675781,574.1994018554688,tracked,P10; LK optical flow; sampled tracked point,25.878644943237305,36.314109802246094
teams_video,P01,435,14.5,235.31761169433594,630.1288452148438,tracked,P1; LK optical flow; sampled tracked point,8.961644172668457,29.12527847290039
teams_video,P02,435,14.5,325.1119384765625,676.8040771484375,tracked,P2; LK optical flow; sampled tracked point,14.16384220123291,23.44127655029297
teams_video,P03,435,14.5,352.8862609863281,460.8807678222656,tracked,P3; LK optical flow; sampled tracked point,17.528472900390625,56.17824172973633
teams_video,P04,435,14.5,255.98260498046875,491.4542236328125,tracked,P4; LK optical flow; sampled tracked point,10.12037467956543,50.45153045654297
teams_video,P05,435,14.5,215.7554168701172,446.24664306640625,tracked,P5; LK optical flow; sampled tracked point,6.901913166046143,59.67473602294922
teams_video,P06,435,14.5,296.5721130371094,517.0599975585938,tracked,P6; LK optical flow; sampled tracked point,12.999534606933594,45.7526741027832
teams_video,P07,435,14.5,313.2769775390625,402.4014587402344,tracked,P7; LK optical flow; sampled tracked point,14.904141426086426,69.5692367553711
teams_video,P08,435,14.5,413.6679382324219,438.732177734375,tracked,P8; LK optical flow; sampled tracked point,22.58793830871582,60.692726135253906
teams_video,P09,435,14.5,484.65020751953125,669.3377075195312,tracked,P9; LK optical flow; sampled tracked point,23.280818939208984,24.11183738708496
teams_video,P10,435,14.5,504.290771484375,578.6475830078125,tracked,P10; LK optical flow; sampled tracked point,26.084152221679688,35.66484832763672
teams_video,P01,450,15.0,235.2767333984375,619.8575439453125,tracked,P1; LK optical flow; sampled tracked point,8.936979293823242,30.44544792175293
teams_video,P02,450,15.0,325.0921630859375,675.265380859375,tracked,P2; LK optical flow; sampled tracked point,14.169275283813477,23.61474609375
teams_video,P03,450,15.0,353.0701904296875,459.5901184082031,tracked,P3; LK optical flow; sampled tracked point,17.55703353881836,56.442745208740234
teams_video,P04,450,15.0,258.679443359375,486.24176025390625,tracked,P4; LK optical flow; sampled tracked point,10.315711975097656,51.42795944213867
teams_video,P05,450,15.0,210.91763305664062,444.6541748046875,tracked,P5; LK optical flow; sampled tracked point,6.507716178894043,60.036476135253906
teams_video,P06,450,15.0,296.2464599609375,519.9246215820312,tracked,P6; LK optical flow; sampled tracked point,12.96664047241211,45.26081848144531
teams_video,P07,450,15.0,314.4129638671875,400.1454772949219,tracked,P7; LK optical flow; sampled tracked point,15.018122673034668,70.13314056396484
teams_video,P08,450,15.0,414.8352355957031,438.7414245605469,tracked,P8; LK optical flow; sampled tracked point,22.67972183227539,60.68699264526367
teams_video,P09,450,15.0,488.3747253417969,680.2673950195312,tracked,P9; LK optical flow; sampled tracked point,23.32427215576172,22.880741119384766
teams_video,P10,450,15.0,511.55047607421875,583.2908935546875,tracked,P10; LK optical flow; sampled tracked point,26.445337295532227,34.99179458618164
teams_video,P01,465,15.5,236.85911560058594,610.2425537109375,tracked,P1; LK optical flow; sampled tracked point,9.01382827758789,31.711116790771484
teams_video,P02,465,15.5,325.0950927734375,673.6475830078125,tracked,P2; LK optical flow; sampled tracked point,14.176359176635742,23.797801971435547
teams_video,P03,465,15.5,353.1998596191406,458.0447082519531,tracked,P3; LK optical flow; sampled tracked point,17.584442138671875,56.76118469238281
teams_video,P04,465,15.5,261.740234375,481.6201171875,tracked,P4; LK optical flow; sampled tracked point,10.541428565979004,52.30518341064453
teams_video,P05,465,15.5,204.66934204101562,443.9565124511719,tracked,P5; LK optical flow; sampled tracked point,6.00577974319458,60.2086296081543
teams_video,P06,465,15.5,295.2652282714844,523.095458984375,tracked,P6; LK optical flow; sampled tracked point,12.887272834777832,44.72256851196289
teams_video,P07,465,15.5,316.02191162109375,397.61474609375,tracked,P7; LK optical flow; sampled tracked point,15.175653457641602,70.76982879638672
teams_video,P08,465,15.5,415.625,438.60833740234375,tracked,P8; LK optical flow; sampled tracked point,22.744646072387695,60.713706970214844
teams_video,P09,465,15.5,489.1279602050781,691.9163818359375,tracked,P9; LK optical flow; sampled tracked point,23.191997528076172,21.606958389282227
teams_video,P10,465,15.5,517.0311279296875,588.1566162109375,tracked,P10; LK optical flow; sampled tracked point,26.685651779174805,34.29921340942383
teams_video,P01,480,16.0,235.81414794921875,601.193115234375,tracked,P1; LK optical flow; sampled tracked point,8.92884349822998,32.935585021972656
teams_video,P02,480,16.0,324.85711669921875,671.835693359375,tracked,P2; LK optical flow; sampled tracked point,14.17055892944336,24.003936767578125
teams_video,P03,480,16.0,353.1593017578125,456.54913330078125,tracked,P3; LK optical flow; sampled tracked point,17.598323822021484,57.07136535644531
teams_video,P04,480,16.0,263.4834289550781,476.16510009765625,tracked,P4; LK optical flow; sampled tracked point,10.671626091003418,53.36191177368164
teams_video,P05,480,16.0,199.38238525390625,442.77392578125,tracked,P5; LK optical flow; sampled tracked point,5.574897289276123,60.48475646972656
teams_video,P06,480,16.0,294.35028076171875,525.6727294921875,tracked,P6; LK optical flow; sampled tracked point,12.81514835357666,44.288997650146484
teams_video,P07,480,16.0,318.2975769042969,395.25103759765625,tracked,P7; LK optical flow; sampled tracked point,15.390344619750977,71.36663818359375
teams_video,P08,480,16.0,416.39617919921875,438.10076904296875,tracked,P8; LK optical flow; sampled tracked point,22.815793991088867,60.82282257080078
teams_video,P09,480,16.0,492.4172058105469,701.7944946289062,tracked,P9; LK optical flow; sampled tracked point,23.22711753845215,20.551347732543945
teams_video,P10,480,16.0,523.7257080078125,592.865478515625,tracked,P10; LK optical flow; sampled tracked point,27.00166893005371,33.635581970214844
teams_video,P01,495,16.5,237.44879150390625,593.3258056640625,tracked,P1; LK optical flow; sampled tracked point,9.014626502990723,34.02030563354492
teams_video,P02,495,16.5,324.8603515625,669.6292114257812,tracked,P2; LK optical flow; sampled tracked point,14.180227279663086,24.25586700439453
teams_video,P03,495,16.5,353.3142395019531,454.4661560058594,tracked,P3; LK optical flow; sampled tracked point,17.634090423583984,57.505287170410156
teams_video,P04,495,16.5,266.01214599609375,470.94036865234375,tracked,P4; LK optical flow; sampled tracked point,10.86350154876709,54.38883590698242
teams_video,P05,495,16.5,192.63339233398438,441.9470520019531,tracked,P5; LK optical flow; sampled tracked point,5.028515338897705,60.68828201293945
teams_video,P06,495,16.5,292.11279296875,528.4674682617188,tracked,P6; LK optical flow; sampled tracked point,12.651385307312012,43.82514190673828
teams_video,P07,495,16.5,320.51123046875,392.737060546875,tracked,P7; LK optical flow; sampled tracked point,15.602869033813477,72.00773620605469
teams_video,P08,495,16.5,417.24249267578125,437.3393249511719,tracked,P8; LK optical flow; sampled tracked point,22.898225784301758,60.98783874511719
teams_video,P09,495,16.5,494.7062683105469,711.2398681640625,tracked,P9; LK optical flow; sampled tracked point,23.213796615600586,19.565366744995117
teams_video,P10,495,16.5,529.5634155273438,597.7382202148438,tracked,P10; LK optical flow; sampled tracked point,27.257068634033203,32.95951843261719
teams_video,P01,510,17.0,237.75547790527344,585.0902099609375,tracked,P1; LK optical flow; sampled tracked point,9.016286849975586,35.18276596069336
teams_video,P02,510,17.0,324.88909912109375,667.6104125976562,tracked,P2; LK optical flow; sampled tracked point,14.19059944152832,24.48752212524414
teams_video,P03,510,17.0,353.4745178222656,452.47052001953125,tracked,P3; LK optical flow; sampled tracked point,17.66950225830078,57.92375946044922
teams_video,P04,510,17.0,267.488037109375,465.71087646484375,tracked,P4; LK optical flow; sampled tracked point,10.978193283081055,55.43681716918945
teams_video,P05,510,17.0,191.36622619628906,440.4946594238281,tracked,P5; LK optical flow; sampled tracked point,4.913219451904297,61.01345443725586
teams_video,P06,510,17.0,291.6793518066406,531.6768188476562,tracked,P6; LK optical flow; sampled tracked point,12.612058639526367,43.29258728027344
teams_video,P07,510,17.0,323.0701904296875,390.079833984375,tracked,P7; LK optical flow; sampled tracked point,15.848546981811523,72.69075012207031
teams_video,P08,510,17.0,418.76983642578125,436.78912353515625,tracked,P8; LK optical flow; sampled tracked point,23.0302791595459,61.104400634765625
teams_video,P09,510,17.0,494.5008544921875,723.3828125,tracked,P9; LK optical flow; sampled tracked point,23.029705047607422,18.331710815429688
teams_video,P10,510,17.0,536.356689453125,602.9185791015625,tracked,P10; LK optical flow; sampled tracked point,27.56090545654297,32.24967575073242
teams_video,P01,525,17.5,238.3752899169922,577.4937133789062,tracked,P1; LK optical flow; sampled tracked point,9.039688110351562,36.27768325805664
teams_video,P02,525,17.5,324.86480712890625,665.9094848632812,tracked,P2; LK optical flow; sampled tracked point,14.196588516235352,24.68364143371582
teams_video,P03,525,17.5,353.4765625,451.0028381347656,tracked,P3; LK optical flow; sampled tracked point,17.686704635620117,58.23362731933594
teams_video,P04,525,17.5,269.08087158203125,461.38525390625,tracked,P4; LK optical flow; sampled tracked point,11.103129386901855,56.31596755981445
teams_video,P05,525,17.5,191.74319458007812,438.7490539550781,tracked,P5; LK optical flow; sampled tracked point,4.926609992980957,61.40028762817383
teams_video,P06,525,17.5,288.9038391113281,535.7570190429688,tracked,P6; LK optical flow; sampled tracked point,12.410272598266602,42.62720489501953
teams_video,P07,525,17.5,325.61480712890625,387.29437255859375,tracked,P7; LK optical flow; sampled tracked point,16.09661865234375,73.41429901123047
teams_video,P08,525,17.5,420.0993347167969,436.6676330566406,tracked,P8; LK optical flow; sampled tracked point,23.13787841796875,61.126983642578125
teams_video,P09,525,17.5,499.01904296875,739.1729736328125,tracked,P9; LK optical flow; sampled tracked point,23.04774284362793,16.773544311523438
teams_video,P10,525,17.5,544.681640625,608.8621215820312,tracked,P10; LK optical flow; sampled tracked point,27.93657875061035,31.446680068969727
teams_video,P01,540,18.0,240.25872802734375,569.4342651367188,tracked,P1; LK optical flow; sampled tracked point,9.145383834838867,37.462310791015625
teams_video,P02,540,18.0,324.9176025390625,664.6260986328125,tracked,P2; LK optical flow; sampled tracked point,14.205218315124512,24.832075119018555
teams_video,P03,540,18.0,353.5605773925781,449.7170104980469,tracked,P3; LK optical flow; sampled tracked point,17.708240509033203,58.50608825683594
teams_video,P04,540,18.0,270.3546142578125,457.20306396484375,tracked,P4; LK optical flow; sampled tracked point,11.20497989654541,57.1784782409668
teams_video,P05,540,18.0,191.9068603515625,437.5198974609375,tracked,P5; LK optical flow; sampled tracked point,4.9278883934021,61.674373626708984
teams_video,P06,540,18.0,287.5249328613281,540.3876953125,tracked,P6; LK optical flow; sampled tracked point,12.304577827453613,41.87781524658203
teams_video,P07,540,18.0,328.1373291015625,385.29693603515625,tracked,P7; LK optical flow; sampled tracked point,16.336915969848633,73.93473815917969
teams_video,P08,540,18.0,422.2255859375,436.8966369628906,tracked,P8; LK optical flow; sampled tracked point,23.30099105834961,61.06959533691406
teams_video,P09,540,18.0,498.6676025390625,757.405517578125,tracked,P9; LK optical flow; sampled tracked point,22.78272247314453,15.045726776123047
teams_video,P10,540,18.0,,,lost,P10; LK optical flow; sampled tracked point,,
teams_video,P01,555,18.5,240.12261962890625,561.9600830078125,tracked,P1; LK optical flow; sampled tracked point,9.120864868164062,38.588077545166016
teams_video,P02,555,18.5,324.8468017578125,663.5272216796875,tracked,P2; LK optical flow; sampled tracked point,14.205942153930664,24.959671020507812
teams_video,P03,555,18.5,353.8213195800781,449.2452087402344,tracked,P3; LK optical flow; sampled tracked point,17.73406219482422,58.60565185546875
teams_video,P04,555,18.5,272.1674499511719,453.37408447265625,tracked,P4; LK optical flow; sampled tracked point,11.349810600280762,57.9765510559082
teams_video,P05,555,18.5,191.37803649902344,436.5918884277344,tracked,P5; LK optical flow; sampled tracked point,4.876224994659424,61.88419723510742
teams_video,P06,555,18.5,285.6209411621094,545.9041748046875,tracked,P6; LK optical flow; sampled tracked point,12.162837982177734,40.99842834472656
teams_video,P07,555,18.5,329.8733215332031,383.731201171875,tracked,P7; LK optical flow; sampled tracked point,16.505374908447266,74.3463134765625
teams_video,P08,555,18.5,423.7192077636719,437.80120849609375,tracked,P8; LK optical flow; sampled tracked point,23.39949607849121,60.86542510986328
teams_video,P09,555,18.5,510.12982177734375,777.5211181640625,tracked,P9; LK optical flow; sampled tracked point,23.09589958190918,13.209558486938477
teams_video,P10,555,18.5,,,lost,P10; LK optical flow; sampled tracked point,,
teams_video,P01,570,19.0,241.60792541503906,555.2604370117188,tracked,P1; LK optical flow; sampled tracked point,9.205875396728516,39.614383697509766
teams_video,P02,570,19.0,324.6424560546875,662.35546875,tracked,P2; LK optical flow; sampled tracked point,14.199277877807617,25.09625816345215
teams_video,P03,570,19.0,354.2945861816406,448.54840087890625,tracked,P3; LK optical flow; sampled tracked point,17.779144287109375,58.75271224975586
teams_video,P04,570,19.0,274.4507141113281,449.71441650390625,tracked,P4; LK optical flow; sampled tracked point,11.533064842224121,58.747013092041016
teams_video,P05,570,19.0,191.64913940429688,435.2486267089844,tracked,P5; LK optical flow; sampled tracked point,4.884971618652344,62.18569564819336
teams_video,P06,570,19.0,288.4283447265625,550.731689453125,tracked,P6; LK optical flow; sampled tracked point,12.340505599975586,40.231529235839844
teams_video,P07,570,19.0,331.65032958984375,381.5451354980469,tracked,P7; LK optical flow; sampled tracked point,16.685380935668945,74.9275894165039
teams_video,P08,570,19.0,425.5860595703125,438.3153991699219,tracked,P8; LK optical flow; sampled tracked point,23.5355224609375,60.746421813964844
teams_video,P09,570,19.0,513.164306640625,797.857666015625,tracked,P9; LK optical flow; sampled tracked point,22.979808807373047,11.437969207763672
teams_video,P10,570,19.0,,,lost,P10; LK optical flow; sampled tracked point,,
teams_video,P01,585,19.5,241.84640502929688,549.497314453125,tracked,P1; LK optical flow; sampled tracked point,9.210272789001465,40.51481246948242
teams_video,P02,585,19.5,324.934326171875,661.2518920898438,tracked,P2; LK optical flow; sampled tracked point,14.220980644226074,25.22469711303711
teams_video,P03,585,19.5,354.7040710449219,448.3793640136719,tracked,P3; LK optical flow; sampled tracked point,17.813066482543945,58.787540435791016
teams_video,P04,585,19.5,276.8473205566406,446.2305908203125,tracked,P4; LK optical flow; sampled tracked point,11.727127075195312,59.48834991455078
teams_video,P05,585,19.5,192.1505889892578,434.1567077636719,tracked,P5; LK optical flow; sampled tracked point,4.914880752563477,62.43086242675781
teams_video,P06,585,19.5,290.50006103515625,556.0957641601562,tracked,P6; LK optical flow; sampled tracked point,12.465360641479492,39.39376449584961
teams_video,P07,585,19.5,332.9222412109375,380.09185791015625,tracked,P7; LK optical flow; sampled tracked point,16.813817977905273,75.31620025634766
teams_video,P08,585,19.5,427.1669921875,439.46881103515625,tracked,P8; LK optical flow; sampled tracked point,23.63484764099121,60.488529205322266
teams_video,P09,585,19.5,522.5112915039062,814.3209838867188,tracked,P9; LK optical flow; sampled tracked point,23.221332550048828,10.05436897277832
teams_video,P10,585,19.5,,,lost,P10; LK optical flow; sampled tracked point,,
teams_video,P01,600,20.0,243.00888061523438,543.0997924804688,tracked,P1; LK optical flow; sampled tracked point,9.276284217834473,41.53003692626953
teams_video,P02,600,20.0,324.9268493652344,659.9992065429688,tracked,P2; LK optical flow; sampled tracked point,14.226073265075684,25.371301651000977
teams_video,P03,600,20.0,355.2003173828125,447.6673278808594,tracked,P3; LK optical flow; sampled tracked point,17.860275268554688,58.93819808959961
teams_video,P04,600,20.0,280.3309631347656,442.87005615234375,tracked,P4; LK optical flow; sampled tracked point,12.009233474731445,60.20782470703125
teams_video,P05,600,20.0,191.7669677734375,432.94158935546875,tracked,P5; LK optical flow; sampled tracked point,4.871853351593018,62.707889556884766
teams_video,P06,600,20.0,294.95587158203125,561.9542236328125,tracked,P6; LK optical flow; sampled tracked point,12.74420166015625,38.48930740356445
teams_video,P07,600,20.0,332.6293029785156,378.56378173828125,tracked,P7; LK optical flow; sampled tracked point,16.80567741394043,75.73404693603516
teams_video,P08,600,20.0,428.67156982421875,440.32513427734375,tracked,P8; LK optical flow; sampled tracked point,23.734296798706055,60.29669189453125
teams_video,P09,600,20.0,529.1566772460938,835.3959350585938,tracked,P9; LK optical flow; sampled tracked point,23.267961502075195,8.353631973266602
teams_video,P10,600,20.0,,,lost,P10; LK optical flow; sampled tracked point,,
