video_id,ped_id,frame,time_s,x_px,y_px,visibility,notes
teams_video,P01,150,5.0,73.0,943.0,tracked,P1; LK optical flow; initial coords.py click
teams_video,P02,150,5.0,340.0,584.0,tracked,P2; LK optical flow; initial coords.py click
teams_video,P03,150,5.0,343.0,482.0,tracked,P3; LK optical flow; initial coords.py click
teams_video,P04,150,5.0,205.0,600.0,tracked,P4; LK optical flow; initial coords.py click
teams_video,P05,150,5.0,143.0,459.0,tracked,P5; LK optical flow; initial coords.py click
teams_video,P06,150,5.0,295.0,466.0,tracked,P6; LK optical flow; initial coords.py click
teams_video,P07,150,5.0,283.0,439.0,tracked,P7; LK optical flow; initial coords.py click
teams_video,P08,150,5.0,399.0,440.0,tracked,P8; LK optical flow; initial coords.py click
teams_video,P09,150,5.0,451.0,548.0,tracked,P9; LK optical flow; initial coords.py click
teams_video,P10,150,5.0,429.0,517.0,tracked,P10; LK optical flow; initial coords.py click
teams_video,P01,165,5.5,89.83070373535156,915.0723876953125,tracked,P1; LK optical flow; sampled tracked point
teams_video,P02,165,5.5,338.3065185546875,591.1876831054688,tracked,P2; LK optical flow; sampled tracked point
teams_video,P03,165,5.5,342.9649353027344,481.25885009765625,tracked,P3; LK optical flow; sampled tracked point
teams_video,P04,165,5.5,208.9344482421875,593.1135864257812,tracked,P4; LK optical flow; sampled tracked point
teams_video,P05,165,5.5,153.9730682373047,458.2772521972656,tracked,P5; LK optical flow; sampled tracked point
teams_video,P06,165,5.5,295.36614990234375,468.09051513671875,tracked,P6; LK optical flow; sampled tracked point
teams_video,P07,165,5.5,285.44769287109375,436.67095947265625,tracked,P7; LK optical flow; sampled tracked point
teams_video,P08,165,5.5,399.8710021972656,440.4187927246094,tracked,P8; LK optical flow; sampled tracked point
teams_video,P09,165,5.5,451.20269775390625,551.8463745117188,tracked,P9; LK optical flow; sampled tracked point
teams_video,P10,165,5.5,431.4936828613281,519.6876220703125,tracked,P10; LK optical flow; sampled tracked point
teams_video,P01,180,6.0,106.135009765625,886.7183227539062,tracked,P1; LK optical flow; sampled tracked point
teams_video,P02,180,6.0,337.34271240234375,598.2958984375,tracked,P2; LK optical flow; sampled tracked point
teams_video,P03,180,6.0,343.0921325683594,480.3179626464844,tracked,P3; LK optical flow; sampled tracked point
teams_video,P04,180,6.0,210.6141815185547,585.9527587890625,tracked,P4; LK optical flow; sampled tracked point
teams_video,P05,180,6.0,165.046142578125,457.47119140625,tracked,P5; LK optical flow; sampled tracked point
teams_video,P06,180,6.0,295.0557556152344,470.133056640625,tracked,P6; LK optical flow; sampled tracked point
teams_video,P07,180,6.0,288.45843505859375,434.5362243652344,tracked,P7; LK optical flow; sampled tracked point
teams_video,P08,180,6.0,400.897216796875,440.56390380859375,tracked,P8; LK optical flow; sampled tracked point
teams_video,P09,180,6.0,454.3363952636719,556.1607666015625,tracked,P9; LK optical flow; sampled tracked point
teams_video,P10,180,6.0,433.0135192871094,522.3060302734375,tracked,P10; LK optical flow; sampled tracked point
teams_video,P01,195,6.5,119.56275939941406,861.399169921875,tracked,P1; LK optical flow; sampled tracked point
teams_video,P02,195,6.5,336.1295166015625,604.88134765625,tracked,P2; LK optical flow; sampled tracked point
teams_video,P03,195,6.5,343.8730163574219,478.9410400390625,tracked,P3; LK optical flow; sampled tracked point
teams_video,P04,195,6.5,214.28639221191406,579.2321166992188,tracked,P4; LK optical flow; sampled tracked point
teams_video,P05,195,6.5,176.47299194335938,456.5370178222656,tracked,P5; LK optical flow; sampled tracked point
teams_video,P06,195,6.5,293.6822814941406,471.73651123046875,tracked,P6; LK optical flow; sampled tracked point
teams_video,P07,195,6.5,291.7228088378906,432.4129638671875,tracked,P7; LK optical flow; sampled tracked point
teams_video,P08,195,6.5,401.8718566894531,439.5673828125,tracked,P8; LK optical flow; sampled tracked point
teams_video,P09,195,6.5,456.10931396484375,560.4313354492188,tracked,P9; LK optical flow; sampled tracked point
teams_video,P10,195,6.5,435.1191711425781,524.2511596679688,tracked,P10; LK optical flow; sampled tracked point
teams_video,P01,210,7.0,136.41146850585938,839.1359252929688,tracked,P1; LK optical flow; sampled tracked point
teams_video,P02,210,7.0,336.510009765625,610.6397705078125,tracked,P2; LK optical flow; sampled tracked point
teams_video,P03,210,7.0,344.714599609375,477.66839599609375,tracked,P3; LK optical flow; sampled tracked point
teams_video,P04,210,7.0,216.38771057128906,572.1895751953125,tracked,P4; LK optical flow; sampled tracked point
teams_video,P05,210,7.0,187.56764221191406,455.44476318359375,tracked,P5; LK optical flow; sampled tracked point
teams_video,P06,210,7.0,292.1861572265625,473.5174255371094,tracked,P6; LK optical flow; sampled tracked point
teams_video,P07,210,7.0,294.2658996582031,429.5718078613281,tracked,P7; LK optical flow; sampled tracked point
teams_video,P08,210,7.0,403.03118896484375,438.4979248046875,tracked,P8; LK optical flow; sampled tracked point
teams_video,P09,210,7.0,460.1639709472656,564.0791625976562,tracked,P9; LK optical flow; sampled tracked point
teams_video,P10,210,7.0,437.0111999511719,526.3807373046875,tracked,P10; LK optical flow; sampled tracked point
teams_video,P01,225,7.5,148.2542724609375,819.1426391601562,tracked,P1; LK optical flow; sampled tracked point
teams_video,P02,225,7.5,335.5968933105469,618.2682495117188,tracked,P2; LK optical flow; sampled tracked point
teams_video,P03,225,7.5,345.5533752441406,476.10552978515625,tracked,P3; LK optical flow; sampled tracked point
teams_video,P04,225,7.5,218.18917846679688,565.4557495117188,tracked,P4; LK optical flow; sampled tracked point
teams_video,P05,225,7.5,198.89498901367188,454.076171875,tracked,P5; LK optical flow; sampled tracked point
teams_video,P06,225,7.5,290.8966064453125,475.0585021972656,tracked,P6; LK optical flow; sampled tracked point
teams_video,P07,225,7.5,298.1359558105469,427.23468017578125,tracked,P7; LK optical flow; sampled tracked point
teams_video,P08,225,7.5,404.2472229003906,437.5659484863281,tracked,P8; LK optical flow; sampled tracked point
teams_video,P09,225,7.5,464.244873046875,567.8985595703125,tracked,P9; LK optical flow; sampled tracked point
teams_video,P10,225,7.5,439.1969909667969,528.4364013671875,tracked,P10; LK optical flow; sampled tracked point
teams_video,P01,240,8.0,161.39813232421875,801.4992065429688,tracked,P1; LK optical flow; sampled tracked point
teams_video,P02,240,8.0,339.4166564941406,624.2659301757812,tracked,P2; LK optical flow; sampled tracked point
teams_video,P03,240,8.0,346.2654113769531,474.7602844238281,tracked,P3; LK optical flow; sampled tracked point
teams_video,P04,240,8.0,220.91700744628906,558.600830078125,tracked,P4; LK optical flow; sampled tracked point
teams_video,P05,240,8.0,210.85081481933594,452.4107971191406,tracked,P5; LK optical flow; sampled tracked point
teams_video,P06,240,8.0,290.7568664550781,476.6395568847656,tracked,P6; LK optical flow; sampled tracked point
teams_video,P07,240,8.0,301.225830078125,425.3994140625,tracked,P7; LK optical flow; sampled tracked point
teams_video,P08,240,8.0,405.28424072265625,436.82806396484375,tracked,P8; LK optical flow; sampled tracked point
teams_video,P09,240,8.0,466.7612609863281,571.6951904296875,tracked,P9; LK optical flow; sampled tracked point
teams_video,P10,240,8.0,442.1319885253906,530.784423828125,tracked,P10; LK optical flow; sampled tracked point
teams_video,P01,255,8.5,172.47610473632812,781.5721435546875,tracked,P1; LK optical flow; sampled tracked point
teams_video,P02,255,8.5,341.4043884277344,631.5595092773438,tracked,P2; LK optical flow; sampled tracked point
teams_video,P03,255,8.5,346.8431396484375,473.6202087402344,tracked,P3; LK optical flow; sampled tracked point
teams_video,P04,255,8.5,223.4192352294922,552.1092529296875,tracked,P4; LK optical flow; sampled tracked point
teams_video,P05,255,8.5,222.1483154296875,451.0285949707031,tracked,P5; LK optical flow; sampled tracked point
teams_video,P06,255,8.5,291.449462890625,479.34759521484375,tracked,P6; LK optical flow; sampled tracked point
teams_video,P07,255,8.5,302.5318603515625,423.1153869628906,tracked,P7; LK optical flow; sampled tracked point
teams_video,P08,255,8.5,406.3841247558594,436.4473876953125,tracked,P8; LK optical flow; sampled tracked point
teams_video,P09,255,8.5,470.8664245605469,576.2470092773438,tracked,P9; LK optical flow; sampled tracked point
teams_video,P10,255,8.5,444.3611145019531,533.3103637695312,tracked,P10; LK optical flow; sampled tracked point
teams_video,P01,270,9.0,179.19189453125,763.61767578125,tracked,P1; LK optical flow; sampled tracked point
teams_video,P02,270,9.0,344.3371887207031,640.8753662109375,tracked,P2; LK optical flow; sampled tracked point
teams_video,P03,270,9.0,347.0578308105469,472.5208435058594,tracked,P3; LK optical flow; sampled tracked point
teams_video,P04,270,9.0,227.48843383789062,546.0720825195312,tracked,P4; LK optical flow; sampled tracked point
teams_video,P05,270,9.0,233.66009521484375,449.66864013671875,tracked,P5; LK optical flow; sampled tracked point
teams_video,P06,270,9.0,291.82440185546875,481.9296569824219,tracked,P6; LK optical flow; sampled tracked point
teams_video,P07,270,9.0,304.311767578125,421.0282897949219,tracked,P7; LK optical flow; sampled tracked point
teams_video,P08,270,9.0,406.8172912597656,436.5243225097656,tracked,P8; LK optical flow; sampled tracked point
teams_video,P09,270,9.0,472.33465576171875,581.2445678710938,tracked,P9; LK optical flow; sampled tracked point
teams_video,P10,270,9.0,447.7516174316406,536.28173828125,tracked,P10; LK optical flow; sampled tracked point
teams_video,P01,285,9.5,188.46697998046875,747.4136962890625,tracked,P1; LK optical flow; sampled tracked point
teams_video,P02,285,9.5,341.5627746582031,651.72900390625,tracked,P2; LK optical flow; sampled tracked point
teams_video,P03,285,9.5,347.1556701660156,471.9737548828125,tracked,P3; LK optical flow; sampled tracked point
teams_video,P04,285,9.5,229.87001037597656,540.4442749023438,tracked,P4; LK optical flow; sampled tracked point
teams_video,P05,285,9.5,245.3546142578125,449.51739501953125,tracked,P5; LK optical flow; sampled tracked point
teams_video,P06,285,9.5,291.9951477050781,484.7817687988281,tracked,P6; LK optical flow; sampled tracked point
teams_video,P07,285,9.5,305.69366455078125,419.9779357910156,tracked,P7; LK optical flow; sampled tracked point
teams_video,P08,285,9.5,407.60333251953125,436.8968200683594,tracked,P8; LK optical flow; sampled tracked point
teams_video,P09,285,9.5,476.0302429199219,587.5125122070312,tracked,P9; LK optical flow; sampled tracked point
teams_video,P10,285,9.5,449.8020935058594,539.70849609375,tracked,P10; LK optical flow; sampled tracked point
teams_video,P01,300,10.0,193.97047424316406,733.968017578125,tracked,P1; LK optical flow; sampled tracked point
teams_video,P02,300,10.0,338.0395202636719,664.4065551757812,tracked,P2; LK optical flow; sampled tracked point
teams_video,P03,300,10.0,347.2680969238281,471.27166748046875,tracked,P3; LK optical flow; sampled tracked point
teams_video,P04,300,10.0,234.00405883789062,535.368408203125,tracked,P4; LK optical flow; sampled tracked point
teams_video,P05,300,10.0,257.4563903808594,449.29632568359375,tracked,P5; LK optical flow; sampled tracked point
teams_video,P06,300,10.0,291.3359375,488.051513671875,tracked,P6; LK optical flow; sampled tracked point
teams_video,P07,300,10.0,306.10528564453125,418.4434509277344,tracked,P7; LK optical flow; sampled tracked point
teams_video,P08,300,10.0,407.8708190917969,437.2798156738281,tracked,P8; LK optical flow; sampled tracked point
teams_video,P09,300,10.0,474.9961242675781,593.7588500976562,tracked,P9; LK optical flow; sampled tracked point
teams_video,P10,300,10.0,454.4034729003906,543.2886962890625,tracked,P10; LK optical flow; sampled tracked point
teams_video,P01,315,10.5,203.55343627929688,721.2450561523438,tracked,P1; LK optical flow; sampled tracked point
teams_video,P02,315,10.5,332.4632263183594,677.820556640625,tracked,P2; LK optical flow; sampled tracked point
teams_video,P03,315,10.5,347.5214538574219,470.3802185058594,tracked,P3; LK optical flow; sampled tracked point
teams_video,P04,315,10.5,235.67486572265625,530.4410400390625,tracked,P4; LK optical flow; sampled tracked point
teams_video,P05,315,10.5,264.3941650390625,450.20306396484375,tracked,P5; LK optical flow; sampled tracked point
teams_video,P06,315,10.5,292.3275146484375,491.30084228515625,tracked,P6; LK optical flow; sampled tracked point
teams_video,P07,315,10.5,307.1671447753906,416.7930908203125,tracked,P7; LK optical flow; sampled tracked point
teams_video,P08,315,10.5,408.4532470703125,437.52447509765625,tracked,P8; LK optical flow; sampled tracked point
teams_video,P09,315,10.5,477.9356689453125,599.7579345703125,tracked,P9; LK optical flow; sampled tracked point
teams_video,P10,315,10.5,458.4344177246094,547.2440795898438,tracked,P10; LK optical flow; sampled tracked point
teams_video,P01,330,11.0,209.37110900878906,708.274658203125,tracked,P1; LK optical flow; sampled tracked point
teams_video,P02,330,11.0,326.47100830078125,684.4462280273438,tracked,P2; LK optical flow; sampled tracked point
teams_video,P03,330,11.0,347.6039733886719,469.3568115234375,tracked,P3; LK optical flow; sampled tracked point
teams_video,P04,330,11.0,238.1217041015625,525.3153686523438,tracked,P4; LK optical flow; sampled tracked point
teams_video,P05,330,11.0,263.9914855957031,451.01458740234375,tracked,P5; LK optical flow; sampled tracked point
teams_video,P06,330,11.0,292.2585754394531,494.4480895996094,tracked,P6; LK optical flow; sampled tracked point
teams_video,P07,330,11.0,308.0005187988281,415.266357421875,tracked,P7; LK optical flow; sampled tracked point
teams_video,P08,330,11.0,408.3084716796875,437.468505859375,tracked,P8; LK optical flow; sampled tracked point
teams_video,P09,330,11.0,479.02777099609375,606.408203125,tracked,P9; LK optical flow; sampled tracked point
teams_video,P10,330,11.0,465.4031066894531,550.5712280273438,tracked,P10; LK optical flow; sampled tracked point
teams_video,P01,345,11.5,213.45578002929688,695.5099487304688,tracked,P1; LK optical flow; sampled tracked point
teams_video,P02,345,11.5,325.8222961425781,684.108154296875,tracked,P2; LK optical flow; sampled tracked point
teams_video,P03,345,11.5,347.1612854003906,468.39971923828125,tracked,P3; LK optical flow; sampled tracked point
teams_video,P04,345,11.5,239.07369995117188,520.2826538085938,tracked,P4; LK optical flow; sampled tracked point
teams_video,P05,345,11.5,258.24151611328125,450.81195068359375,tracked,P5; LK optical flow; sampled tracked point
teams_video,P06,345,11.5,293.92742919921875,496.2832336425781,tracked,P6; LK optical flow; sampled tracked point
teams_video,P07,345,11.5,308.3479919433594,413.044189453125,tracked,P7; LK optical flow; sampled tracked point
teams_video,P08,345,11.5,408.5986633300781,437.5111999511719,tracked,P8; LK optical flow; sampled tracked point
teams_video,P09,345,11.5,479.37420654296875,612.6080322265625,tracked,P9; LK optical flow; sampled tracked point
teams_video,P10,345,11.5,470.3364562988281,553.9131469726562,tracked,P10; LK optical flow; sampled tracked point
teams_video,P01,360,12.0,218.3000946044922,681.9299926757812,tracked,P1; LK optical flow; sampled tracked point
teams_video,P02,360,12.0,325.68109130859375,683.1884765625,tracked,P2; LK optical flow; sampled tracked point
teams_video,P03,360,12.0,346.8473205566406,467.6789245605469,tracked,P3; LK optical flow; sampled tracked point
teams_video,P04,360,12.0,241.381103515625,515.3733520507812,tracked,P4; LK optical flow; sampled tracked point
teams_video,P05,360,12.0,251.02285766601562,450.3788757324219,tracked,P5; LK optical flow; sampled tracked point
teams_video,P06,360,12.0,293.9788818359375,499.2720947265625,tracked,P6; LK optical flow; sampled tracked point
teams_video,P07,360,12.0,309.65625,411.48846435546875,tracked,P7; LK optical flow; sampled tracked point
teams_video,P08,360,12.0,408.5799865722656,437.6454162597656,tracked,P8; LK optical flow; sampled tracked point
teams_video,P09,360,12.0,480.6535949707031,620.0249633789062,tracked,P9; LK optical flow; sampled tracked point
teams_video,P10,360,12.0,477.48345947265625,557.5880737304688,tracked,P10; LK optical flow; sampled tracked point
teams_video,P01,375,12.5,219.55557250976562,670.5194091796875,tracked,P1; LK optical flow; sampled tracked point
teams_video,P02,375,12.5,325.6028137207031,682.2847290039062,tracked,P2; LK optical flow; sampled tracked point
teams_video,P03,375,12.5,346.8399353027344,467.0814208984375,tracked,P3; LK optical flow; sampled tracked point
teams_video,P04,375,12.5,242.90130615234375,510.8599548339844,tracked,P4; LK optical flow; sampled tracked point
teams_video,P05,375,12.5,243.618408203125,450.1012268066406,tracked,P5; LK optical flow; sampled tracked point
teams_video,P06,375,12.5,295.42303466796875,502.80023193359375,tracked,P6; LK optical flow; sampled tracked point
teams_video,P07,375,12.5,310.3274841308594,409.9736328125,tracked,P7; LK optical flow; sampled tracked point
teams_video,P08,375,12.5,409.15301513671875,438.0503845214844,tracked,P8; LK optical flow; sampled tracked point
teams_video,P09,375,12.5,479.54541015625,628.051513671875,tracked,P9; LK optical flow; sampled tracked point
teams_video,P10,375,12.5,481.44049072265625,561.4395751953125,tracked,P10; LK optical flow; sampled tracked point
teams_video,P01,390,13.0,225.3542938232422,659.4690551757812,tracked,P1; LK optical flow; sampled tracked point
teams_video,P02,390,13.0,325.4348449707031,681.2504272460938,tracked,P2; LK optical flow; sampled tracked point
teams_video,P03,390,13.0,346.9405822753906,466.1646728515625,tracked,P3; LK optical flow; sampled tracked point
teams_video,P04,390,13.0,246.10415649414062,506.1712951660156,tracked,P4; LK optical flow; sampled tracked point
teams_video,P05,390,13.0,237.23692321777344,449.693115234375,tracked,P5; LK optical flow; sampled tracked point
teams_video,P06,390,13.0,295.1211242675781,506.79534912109375,tracked,P6; LK optical flow; sampled tracked point
teams_video,P07,390,13.0,311.2125549316406,408.3308410644531,tracked,P7; LK optical flow; sampled tracked point
teams_video,P08,390,13.0,409.91650390625,438.40521240234375,tracked,P8; LK optical flow; sampled tracked point
teams_video,P09,390,13.0,481.955078125,637.59228515625,tracked,P9; LK optical flow; sampled tracked point
teams_video,P10,390,13.0,487.79949951171875,565.5800170898438,tracked,P10; LK optical flow; sampled tracked point
teams_video,P01,405,13.5,228.4670867919922,648.9602661132812,tracked,P1; LK optical flow; sampled tracked point
teams_video,P02,405,13.5,325.32196044921875,679.8037109375,tracked,P2; LK optical flow; sampled tracked point
teams_video,P03,405,13.5,347.71466064453125,464.24127197265625,tracked,P3; LK optical flow; sampled tracked point
teams_video,P04,405,13.5,249.16937255859375,501.35784912109375,tracked,P4; LK optical flow; sampled tracked point
teams_video,P05,405,13.5,229.73196411132812,448.4844665527344,tracked,P5; LK optical flow; sampled tracked point
teams_video,P06,405,13.5,295.8062438964844,510.81719970703125,tracked,P6; LK optical flow; sampled tracked point
teams_video,P07,405,13.5,311.8100891113281,406.3287658691406,tracked,P7; LK optical flow; sampled tracked point
teams_video,P08,405,13.5,411.2459716796875,438.67706298828125,tracked,P8; LK optical flow; sampled tracked point
teams_video,P09,405,13.5,480.46728515625,648.1122436523438,tracked,P9; LK optical flow; sampled tracked point
teams_video,P10,405,13.5,492.1597900390625,569.989013671875,tracked,P10; LK optical flow; sampled tracked point
teams_video,P01,420,14.0,233.13525390625,639.4105834960938,tracked,P1; LK optical flow; sampled tracked point
teams_video,P02,420,14.0,325.27288818359375,678.3941650390625,tracked,P2; LK optical flow; sampled tracked point
teams_video,P03,420,14.0,349.5252380371094,462.3157653808594,tracked,P3; LK optical flow; sampled tracked point
teams_video,P04,420,14.0,252.19229125976562,496.2158203125,tracked,P4; LK optical flow; sampled tracked point
teams_video,P05,420,14.0,224.2716522216797,447.422119140625,tracked,P5; LK optical flow; sampled tracked point
teams_video,P06,420,14.0,295.4617004394531,514.1953125,tracked,P6; LK optical flow; sampled tracked point
teams_video,P07,420,14.0,312.1744384765625,404.3666076660156,tracked,P7; LK optical flow; sampled tracked point
teams_video,P08,420,14.0,412.3721923828125,438.73956298828125,tracked,P8; LK optical flow; sampled tracked point
teams_video,P09,420,14.0,485.4906311035156,658.6724243164062,tracked,P9; LK optical flow; sampled tracked point
teams_video,P10,420,14.0,499.6054992675781,574.1994018554688,tracked,P10; LK optical flow; sampled tracked point
teams_video,P01,435,14.5,235.31761169433594,630.1288452148438,tracked,P1; LK optical flow; sampled tracked point
teams_video,P02,435,14.5,325.1119384765625,676.8040771484375,tracked,P2; LK optical flow; sampled tracked point
teams_video,P03,435,14.5,352.8862609863281,460.8807678222656,tracked,P3; LK optical flow; sampled tracked point
teams_video,P04,435,14.5,255.98260498046875,491.4542236328125,tracked,P4; LK optical flow; sampled tracked point
teams_video,P05,435,14.5,215.7554168701172,446.24664306640625,tracked,P5; LK optical flow; sampled tracked point
teams_video,P06,435,14.5,296.5721130371094,517.0599975585938,tracked,P6; LK optical flow; sampled tracked point
teams_video,P07,435,14.5,313.2769775390625,402.4014587402344,tracked,P7; LK optical flow; sampled tracked point
teams_video,P08,435,14.5,413.6679382324219,438.732177734375,tracked,P8; LK optical flow; sampled tracked point
teams_video,P09,435,14.5,484.65020751953125,669.3377075195312,tracked,P9; LK optical flow; sampled tracked point
teams_video,P10,435,14.5,504.290771484375,578.6475830078125,tracked,P10; LK optical flow; sampled tracked point
teams_video,P01,450,15.0,235.2767333984375,619.8575439453125,tracked,P1; LK optical flow; sampled tracked point
teams_video,P02,450,15.0,325.0921630859375,675.265380859375,tracked,P2; LK optical flow; sampled tracked point
teams_video,P03,450,15.0,353.0701904296875,459.5901184082031,tracked,P3; LK optical flow; sampled tracked point
teams_video,P04,450,15.0,258.679443359375,486.24176025390625,tracked,P4; LK optical flow; sampled tracked point
teams_video,P05,450,15.0,210.91763305664062,444.6541748046875,tracked,P5; LK optical flow; sampled tracked point
teams_video,P06,450,15.0,296.2464599609375,519.9246215820312,tracked,P6; LK optical flow; sampled tracked point
teams_video,P07,450,15.0,314.4129638671875,400.1454772949219,tracked,P7; LK optical flow; sampled tracked point
teams_video,P08,450,15.0,414.8352355957031,438.7414245605469,tracked,P8; LK optical flow; sampled tracked point
teams_video,P09,450,15.0,488.3747253417969,680.2673950195312,tracked,P9; LK optical flow; sampled tracked point
teams_video,P10,450,15.0,511.55047607421875,583.2908935546875,tracked,P10; LK optical flow; sampled tracked point
teams_video,P01,465,15.5,236.85911560058594,610.2425537109375,tracked,P1; LK optical flow; sampled tracked point
teams_video,P02,465,15.5,325.0950927734375,673.6475830078125,tracked,P2; LK optical flow; sampled tracked point
teams_video,P03,465,15.5,353.1998596191406,458.0447082519531,tracked,P3; LK optical flow; sampled tracked point
teams_video,P04,465,15.5,261.740234375,481.6201171875,tracked,P4; LK optical flow; sampled tracked point
teams_video,P05,465,15.5,204.66934204101562,443.9565124511719,tracked,P5; LK optical flow; sampled tracked point
teams_video,P06,465,15.5,295.2652282714844,523.095458984375,tracked,P6; LK optical flow; sampled tracked point
teams_video,P07,465,15.5,316.02191162109375,397.61474609375,tracked,P7; LK optical flow; sampled tracked point
teams_video,P08,465,15.5,415.625,438.60833740234375,tracked,P8; LK optical flow; sampled tracked point
teams_video,P09,465,15.5,489.1279602050781,691.9163818359375,tracked,P9; LK optical flow; sampled tracked point
teams_video,P10,465,15.5,517.0311279296875,588.1566162109375,tracked,P10; LK optical flow; sampled tracked point
teams_video,P01,480,16.0,235.81414794921875,601.193115234375,tracked,P1; LK optical flow; sampled tracked point
teams_video,P02,480,16.0,324.85711669921875,671.835693359375,tracked,P2; LK optical flow; sampled tracked point
teams_video,P03,480,16.0,353.1593017578125,456.54913330078125,tracked,P3; LK optical flow; sampled tracked point
teams_video,P04,480,16.0,263.4834289550781,476.16510009765625,tracked,P4; LK optical flow; sampled tracked point
teams_video,P05,480,16.0,199.38238525390625,442.77392578125,tracked,P5; LK optical flow; sampled tracked point
teams_video,P06,480,16.0,294.35028076171875,525.6727294921875,tracked,P6; LK optical flow; sampled tracked point
teams_video,P07,480,16.0,318.2975769042969,395.25103759765625,tracked,P7; LK optical flow; sampled tracked point
teams_video,P08,480,16.0,416.39617919921875,438.10076904296875,tracked,P8; LK optical flow; sampled tracked point
teams_video,P09,480,16.0,492.4172058105469,701.7944946289062,tracked,P9; LK optical flow; sampled tracked point
teams_video,P10,480,16.0,523.7257080078125,592.865478515625,tracked,P10; LK optical flow; sampled tracked point
teams_video,P01,495,16.5,237.44879150390625,593.3258056640625,tracked,P1; LK optical flow; sampled tracked point
teams_video,P02,495,16.5,324.8603515625,669.6292114257812,tracked,P2; LK optical flow; sampled tracked point
teams_video,P03,495,16.5,353.3142395019531,454.4661560058594,tracked,P3; LK optical flow; sampled tracked point
teams_video,P04,495,16.5,266.01214599609375,470.94036865234375,tracked,P4; LK optical flow; sampled tracked point
teams_video,P05,495,16.5,192.63339233398438,441.9470520019531,tracked,P5; LK optical flow; sampled tracked point
teams_video,P06,495,16.5,292.11279296875,528.4674682617188,tracked,P6; LK optical flow; sampled tracked point
teams_video,P07,495,16.5,320.51123046875,392.737060546875,tracked,P7; LK optical flow; sampled tracked point
teams_video,P08,495,16.5,417.24249267578125,437.3393249511719,tracked,P8; LK optical flow; sampled tracked point
teams_video,P09,495,16.5,494.7062683105469,711.2398681640625,tracked,P9; LK optical flow; sampled tracked point
teams_video,P10,495,16.5,529.5634155273438,597.7382202148438,tracked,P10; LK optical flow; sampled tracked point
teams_video,P01,510,17.0,237.75547790527344,585.0902099609375,tracked,P1; LK optical flow; sampled tracked point
teams_video,P02,510,17.0,324.88909912109375,667.6104125976562,tracked,P2; LK optical flow; sampled tracked point
teams_video,P03,510,17.0,353.4745178222656,452.47052001953125,tracked,P3; LK optical flow; sampled tracked point
teams_video,P04,510,17.0,267.488037109375,465.71087646484375,tracked,P4; LK optical flow; sampled tracked point
teams_video,P05,510,17.0,191.36622619628906,440.4946594238281,tracked,P5; LK optical flow; sampled tracked point
teams_video,P06,510,17.0,291.6793518066406,531.6768188476562,tracked,P6; LK optical flow; sampled tracked point
teams_video,P07,510,17.0,323.0701904296875,390.079833984375,tracked,P7; LK optical flow; sampled tracked point
teams_video,P08,510,17.0,418.76983642578125,436.78912353515625,tracked,P8; LK optical flow; sampled tracked point
teams_video,P09,510,17.0,494.5008544921875,723.3828125,tracked,P9; LK optical flow; sampled tracked point
teams_video,P10,510,17.0,536.356689453125,602.9185791015625,tracked,P10; LK optical flow; sampled tracked point
teams_video,P01,525,17.5,238.3752899169922,577.4937133789062,tracked,P1; LK optical flow; sampled tracked point
teams_video,P02,525,17.5,324.86480712890625,665.9094848632812,tracked,P2; LK optical flow; sampled tracked point
teams_video,P03,525,17.5,353.4765625,451.0028381347656,tracked,P3; LK optical flow; sampled tracked point
teams_video,P04,525,17.5,269.08087158203125,461.38525390625,tracked,P4; LK optical flow; sampled tracked point
teams_video,P05,525,17.5,191.74319458007812,438.7490539550781,tracked,P5; LK optical flow; sampled tracked point
teams_video,P06,525,17.5,288.9038391113281,535.7570190429688,tracked,P6; LK optical flow; sampled tracked point
teams_video,P07,525,17.5,325.61480712890625,387.29437255859375,tracked,P7; LK optical flow; sampled tracked point
teams_video,P08,525,17.5,420.0993347167969,436.6676330566406,tracked,P8; LK optical flow; sampled tracked point
teams_video,P09,525,17.5,499.01904296875,739.1729736328125,tracked,P9; LK optical flow; sampled tracked point
teams_video,P10,525,17.5,544.681640625,608.8621215820312,tracked,P10; LK optical flow; sampled tracked point
teams_video,P01,540,18.0,240.25872802734375,569.4342651367188,tracked,P1; LK optical flow; sampled tracked point
teams_video,P02,540,18.0,324.9176025390625,664.6260986328125,tracked,P2; LK optical flow; sampled tracked point
teams_video,P03,540,18.0,353.5605773925781,449.7170104980469,tracked,P3; LK optical flow; sampled tracked point
teams_video,P04,540,18.0,270.3546142578125,457.20306396484375,tracked,P4; LK optical flow; sampled tracked point
teams_video,P05,540,18.0,191.9068603515625,437.5198974609375,tracked,P5; LK optical flow; sampled tracked point
teams_video,P06,540,18.0,287.5249328613281,540.3876953125,tracked,P6; LK optical flow; sampled tracked point
teams_video,P07,540,18.0,328.1373291015625,385.29693603515625,tracked,P7; LK optical flow; sampled tracked point
teams_video,P08,540,18.0,422.2255859375,436.8966369628906,tracked,P8; LK optical flow; sampled tracked point
teams_video,P09,540,18.0,498.6676025390625,757.405517578125,tracked,P9; LK optical flow; sampled tracked point
teams_video,P10,540,18.0,,,lost,P10; LK optical flow; sampled tracked point
teams_video,P01,555,18.5,240.12261962890625,561.9600830078125,tracked,P1; LK optical flow; sampled tracked point
teams_video,P02,555,18.5,324.8468017578125,663.5272216796875,tracked,P2; LK optical flow; sampled tracked point
teams_video,P03,555,18.5,353.8213195800781,449.2452087402344,tracked,P3; LK optical flow; sampled tracked point
teams_video,P04,555,18.5,272.1674499511719,453.37408447265625,tracked,P4; LK optical flow; sampled tracked point
teams_video,P05,555,18.5,191.37803649902344,436.5918884277344,tracked,P5; LK optical flow; sampled tracked point
teams_video,P06,555,18.5,285.6209411621094,545.9041748046875,tracked,P6; LK optical flow; sampled tracked point
teams_video,P07,555,18.5,329.8733215332031,383.731201171875,tracked,P7; LK optical flow; sampled tracked point
teams_video,P08,555,18.5,423.7192077636719,437.80120849609375,tracked,P8; LK optical flow; sampled tracked point
teams_video,P09,555,18.5,510.12982177734375,777.5211181640625,tracked,P9; LK optical flow; sampled tracked point
teams_video,P10,555,18.5,,,lost,P10; LK optical flow; sampled tracked point
teams_video,P01,570,19.0,241.60792541503906,555.2604370117188,tracked,P1; LK optical flow; sampled tracked point
teams_video,P02,570,19.0,324.6424560546875,662.35546875,tracked,P2; LK optical flow; sampled tracked point
teams_video,P03,570,19.0,354.2945861816406,448.54840087890625,tracked,P3; LK optical flow; sampled tracked point
teams_video,P04,570,19.0,274.4507141113281,449.71441650390625,tracked,P4; LK optical flow; sampled tracked point
teams_video,P05,570,19.0,191.64913940429688,435.2486267089844,tracked,P5; LK optical flow; sampled tracked point
teams_video,P06,570,19.0,288.4283447265625,550.731689453125,tracked,P6; LK optical flow; sampled tracked point
teams_video,P07,570,19.0,331.65032958984375,381.5451354980469,tracked,P7; LK optical flow; sampled tracked point
teams_video,P08,570,19.0,425.5860595703125,438.3153991699219,tracked,P8; LK optical flow; sampled tracked point
teams_video,P09,570,19.0,513.164306640625,797.857666015625,tracked,P9; LK optical flow; sampled tracked point
teams_video,P10,570,19.0,,,lost,P10; LK optical flow; sampled tracked point
teams_video,P01,585,19.5,241.84640502929688,549.497314453125,tracked,P1; LK optical flow; sampled tracked point
teams_video,P02,585,19.5,324.934326171875,661.2518920898438,tracked,P2; LK optical flow; sampled tracked point
teams_video,P03,585,19.5,354.7040710449219,448.3793640136719,tracked,P3; LK optical flow; sampled tracked point
teams_video,P04,585,19.5,276.8473205566406,446.2305908203125,tracked,P4; LK optical flow; sampled tracked point
teams_video,P05,585,19.5,192.1505889892578,434.1567077636719,tracked,P5; LK optical flow; sampled tracked point
teams_video,P06,585,19.5,290.50006103515625,556.0957641601562,tracked,P6; LK optical flow; sampled tracked point
teams_video,P07,585,19.5,332.9222412109375,380.09185791015625,tracked,P7; LK optical flow; sampled tracked point
teams_video,P08,585,19.5,427.1669921875,439.46881103515625,tracked,P8; LK optical flow; sampled tracked point
teams_video,P09,585,19.5,522.5112915039062,814.3209838867188,tracked,P9; LK optical flow; sampled tracked point
teams_video,P10,585,19.5,,,lost,P10; LK optical flow; sampled tracked point
teams_video,P01,600,20.0,243.00888061523438,543.0997924804688,tracked,P1; LK optical flow; sampled tracked point
teams_video,P02,600,20.0,324.9268493652344,659.9992065429688,tracked,P2; LK optical flow; sampled tracked point
teams_video,P03,600,20.0,355.2003173828125,447.6673278808594,tracked,P3; LK optical flow; sampled tracked point
teams_video,P04,600,20.0,280.3309631347656,442.87005615234375,tracked,P4; LK optical flow; sampled tracked point
teams_video,P05,600,20.0,191.7669677734375,432.94158935546875,tracked,P5; LK optical flow; sampled tracked point
teams_video,P06,600,20.0,294.95587158203125,561.9542236328125,tracked,P6; LK optical flow; sampled tracked point
teams_video,P07,600,20.0,332.6293029785156,378.56378173828125,tracked,P7; LK optical flow; sampled tracked point
teams_video,P08,600,20.0,428.67156982421875,440.32513427734375,tracked,P8; LK optical flow; sampled tracked point
teams_video,P09,600,20.0,529.1566772460938,835.3959350585938,tracked,P9; LK optical flow; sampled tracked point
teams_video,P10,600,20.0,,,lost,P10; LK optical flow; sampled tracked point
